time_s,force_dt001_N,u_dt001_m,v_dt001_mps,a_dt001_mps2,force_dt01_interp_N,u_dt01_interp_m,v_dt01_interp_mps,a_dt01_interp_mps2,du_dt01minusdt001_m,dv_dt01minusdt001_mps,da_dt01minusdt001_mps2
0.000000000000000000e+00,0.000000000000000000e+00,0.000000000000000000e+00,0.000000000000000000e+00,0.000000000000000000e+00,0.000000000000000000e+00,0.000000000000000000e+00,0.000000000000000000e+00,0.000000000000000000e+00,0.000000000000000000e+00,0.000000000000000000e+00,0.000000000000000000e+00
1.000000000000000021e-02,8.000000000000000000e+02,5.018820577164366445e-06,1.003764115432873418e-03,2.007528230865746610e-01,8.000000000000000000e+02,1.886792452830188586e-04,3.773584905660376954e-03,7.547169811320754429e-02,1.836604247058544828e-04,2.769820790227503320e-03,-1.252811249733671306e-01
2.000000000000000042e-02,1.600000000000000000e+03,2.905500394358392596e-05,3.803472557851038383e-03,3.591888653970583545e-01,1.600000000000000000e+03,3.773584905660377171e-04,7.547169811320753909e-03,1.509433962264150886e-01,3.483034866224538149e-04,3.743697253469715526e-03,-2.082454691706432659e-01
2.999999999999999889e-02,2.400000000000000000e+03,8.799883375703097907e-05,7.985293404838370371e-03,4.771753040004080293e-01,2.400000000000000000e+03,5.660377358490565215e-04,1.132075471698113130e-02,2.264150943396226190e-01,4.780389020920255559e-04,3.335461312142760926e-03,-2.507602096607853825e-01
4.000000000000000083e-02,3.200000000000000000e+03,1.937229602843055370e-04,1.315953190061654177e-02,5.576723951552262637e-01,3.200000000000000000e+03,7.547169811320754342e-04,1.509433962264150782e-02,3.018867924528301772e-01,5.609940208477698972e-04,1.934807722024966051e-03,-2.557856027023960865e-01
5.000000000000000278e-02,4.000000000000000000e+03,3.543710258306779549e-04,1.897008120865794137e-02,6.044374664530536290e-01,4.000000000000000000e+03,9.433962264150943470e-04,1.886792452830188607e-02,3.773584905660377076e-01,5.890252005844164463e-04,-1.021566803560552961e-04,-2.270789758870159214e-01
5.999999999999999778e-02,4.800000000000000000e+03,5.747265971490062540e-04,2.510103305500771542e-02,6.217529028169013205e-01,4.800000000000000000e+03,1.132075471698113043e-03,2.264150943396226259e-02,4.528301886792452380e-01,5.573488745491067889e-04,-2.459523621045452829e-03,-1.689227141376560826e-01
7.000000000000000666e-02,5.600000000000000909e+03,8.566353369682901987e-04,3.128071490884907352e-02,6.141834679513704653e-01,5.600000000000000909e+03,1.320754716981132173e-03,2.641509433962264258e-02,5.283018867924528239e-01,4.641193800128419738e-04,-4.865620569226430936e-03,-8.588158115891764144e-02
8.000000000000000167e-02,6.400000000000000000e+03,1.199456231103995536e-03,3.728346391829199385e-02,5.863663339372140459e-01,6.400000000000000000e+03,1.509433962264150868e-03,3.018867924528301563e-02,6.037735849056603543e-01,3.099777311601553328e-04,-7.094784673008978221e-03,1.740725096844630837e-02
8.999999999999999667e-02,7.200000000000000000e+03,1.600520914888495499e-03,4.292947283860800572e-02,5.428354501259879950e-01,7.200000000000000000e+03,1.698113207547169781e-03,3.396226415094339562e-02,6.792452830188677737e-01,9.759229265867428241e-05,-8.967208687664610101e-03,1.364098328928797788e-01
1.000000000000000056e-01,8.000000000000000000e+03,2.055583539266837931e-03,4.808305203706047387e-02,4.878803895645058564e-01,8.000000000000000000e+03,1.886792452830188694e-03,3.773584905660377214e-02,7.547169811320754151e-01,-1.687910864366492375e-04,-1.034720298045670173e-02,2.668365915675695588e-01
1.100000000000000006e-01,9.000000000000000000e+03,2.560501738911881951e-03,5.290058789194833355e-02,4.756267814130656912e-01,9.000000000000000000e+03,2.503559985760056734e-03,4.252402990388037818e-02,6.995372018511925027e-01,-5.694175315182521679e-05,-1.037655798806795537e-02,2.239104204381268115e-01
1.199999999999999956e-01,1.000000000000000000e+04,3.112618688067794303e-03,5.752280193923414026e-02,4.488160280440960381e-01,1.000000000000000000e+04,3.120327518689924775e-03,4.731221075115698421e-02,6.443574225703097014e-01,7.708830622130471988e-06,-1.021059118807715604e-02,1.955413945262136632e-01
1.300000000000000044e-01,1.100000000000000000e+04,3.709340786348266222e-03,6.182161771686024709e-02,4.109471274811260511e-01,1.100000000000000000e+04,3.737095051619793683e-03,5.210039159843359718e-02,5.891776432894267890e-01,2.775426527152746042e-05,-9.721226118426649909e-03,1.782305158083007379e-01
1.400000000000000133e-01,1.200000000000000000e+04,4.346962965209642468e-03,6.570281805541500209e-02,3.652929402298250583e-01,1.200000000000000000e+04,4.353862584549662157e-03,5.688857244571021710e-02,5.339978640085438766e-01,6.899619340019688685e-06,-8.814245609704784989e-03,1.687049237787188183e-01
1.499999999999999944e-01,1.300000000000000000e+04,5.020994092544714058e-03,6.910340741159931577e-02,3.148249310070381224e-01,1.300000000000000000e+04,4.970630117479529764e-03,6.167675329298681619e-02,4.788180847276610197e-01,-5.036397506518429379e-05,-7.426654118612499578e-03,1.639931537206228973e-01
1.600000000000000033e-01,1.400000000000000000e+04,5.726452832905928186e-03,7.198834066064352388e-02,2.621617188018030564e-01,1.400000000000000000e+04,5.587397650409398238e-03,6.646493414026342916e-02,4.236383054467781073e-01,-1.390551824965299485e-04,-5.523406520380094720e-03,1.614765866449750509e-01
1.700000000000000122e-01,1.500000000000000000e+04,6.458128758998712450e-03,7.434684455791333579e-02,2.095390606521581045e-01,1.500000000000000000e+04,6.204165183339266712e-03,7.125311498754004214e-02,3.684585261658951394e-01,-2.539635756594457380e-04,-3.093729570373293658e-03,1.589194655137370349e-01
1.799999999999999933e-01,1.600000000000000000e+04,7.210805645060184774e-03,7.618853265438113587e-02,1.587985586414009109e-01,1.600000000000000000e+04,6.820932716269134319e-03,7.604129583481664123e-02,3.132787468850123380e-01,-3.898729287910504548e-04,-1.472368195644946365e-04,1.544801882436114271e-01
1.900000000000000022e-01,1.700000000000000000e+04,7.979445740519033187e-03,7.753948643738853286e-02,1.113921979600787093e-01,1.700000000000000000e+04,7.437700249199003660e-03,8.082947668209325420e-02,2.580989676041294256e-01,-5.417454913200295263e-04,3.289990244704721345e-03,1.467067696440507163e-01
2.000000000000000111e-01,1.800000000000000000e+04,8.759335404235383052e-03,7.843844630588144018e-02,6.839977573850242187e-02,1.800000000000000000e+04,8.054467782128871267e-03,8.561765752936986718e-02,2.029191883232465132e-01,-7.048676221065117847e-04,7.179211223488426996e-03,1.345194125847440914e-01
2.099999999999999922e-01,1.979999999999999636e+04,9.551212590864053761e-03,7.993699101985268785e-02,2.313091670557481105e-01,1.979999999999999636e+04,9.086930822088029602e-03,8.914338682267911040e-02,2.328499365247820585e-01,-4.642817687760241591e-04,9.206395802826422559e-03,1.540769469033947958e-03
2.200000000000000011e-01,2.160000000000000000e+04,1.036530212545733187e-02,8.288091589880294818e-02,3.574758087343037349e-01,2.159999999999999636e+04,1.011939386204719141e-02,9.266911611598835363e-02,2.627806847263176593e-01,-2.459082634101404652e-04,9.788200217185405450e-03,-9.469512400798607565e-02
2.300000000000000100e-01,2.340000000000000000e+04,1.121427121543848437e-02,8.691290209742752459e-02,4.489214309906122136e-01,2.340000000000000000e+04,1.115185690200635321e-02,9.619484540929759686e-02,2.927114329278532878e-01,-6.241431343213116323e-05,9.281943311870072266e-03,-1.562099980627589257e-01
2.399999999999999911e-01,2.519999999999999636e+04,1.210733658317416847e-02,9.170017144970926681e-02,5.085324394657357860e-01,2.519999999999999272e+04,1.218431994196551155e-02,9.972057470260684009e-02,3.226421811293888608e-01,7.698335879134307613e-05,8.020403252897573276e-03,-1.858902583363469252e-01
2.500000000000000000e-01,2.700000000000000000e+04,1.305054677423247295e-02,9.694186676195161445e-02,5.398066229827340745e-01,2.699999999999999272e+04,1.321678298192467335e-02,1.032463039959160833e-01,3.525729293309244339e-01,1.662362076922004051e-04,6.304437233964468867e-03,-1.872336936518096406e-01
2.600000000000000089e-01,2.880000000000000000e+04,1.404712617931000961e-02,1.023740142535557035e-01,5.466228753380841798e-01,2.879999999999999636e+04,1.424924602188383516e-02,1.067720332892253404e-01,3.825036775324600624e-01,2.021198425738255505e-04,4.398019035669636922e-03,-1.641191978056241174e-01
2.700000000000000178e-01,3.060000000000000364e+04,1.509785784319365130e-02,1.077723185231726638e-01,5.330379785853087693e-01,3.059999999999999636e+04,1.528170906184299696e-02,1.102977625825345837e-01,4.124344257339956910e-01,1.838512186493456574e-04,2.525444059361919846e-03,-1.206035528513130783e-01
2.800000000000000266e-01,3.240000000000000728e+04,1.620148479872957764e-02,1.129530725840126038e-01,5.031128335826802189e-01,3.240000000000000000e+04,1.631417210180215877e-02,1.138234918758438269e-01,4.423651739355313195e-01,1.126873030725811242e-04,8.704192918312231297e-04,-6.074765964714889943e-02
2.899999999999999800e-01,3.420000000000000000e+04,1.735511257215828149e-02,1.177724821017281653e-01,4.607690699604309881e-01,3.419999999999998545e+04,1.734663514176131710e-02,1.173492211691530562e-01,4.722959221370667815e-01,-8.477430396964386050e-06,-4.232609325751091056e-04,1.152685217663579342e-02
2.999999999999999889e-01,3.600000000000000000e+04,1.855459851334050059e-02,1.221247061347156548e-01,4.096757366370662456e-01,3.599999999999998545e+04,1.837909818172047544e-02,1.208749504624622995e-01,5.022266703386024655e-01,-1.755003316200251517e-04,-1.249755672253355376e-03,9.255093370153621990e-02
3.099999999999999978e-01,3.630000000000000000e+04,1.978550629876482322e-02,1.240568509501488725e-01,-2.324677355042248372e-02,3.630000000000000000e+04,1.934477077506428083e-02,1.160134122368459281e-01,3.045505717585546002e-01,-4.407355237005423920e-04,-8.043438713302944465e-03,3.277973453089770839e-01
3.200000000000000067e-01,3.660000000000000000e+04,2.101601098967870174e-02,1.220440872326268300e-01,-3.793059699539857998e-01,3.660000000000000000e+04,2.031044336840808623e-02,1.111518740112295150e-01,1.068744731785055690e-01,-7.055676212706155082e-04,-1.089221322139731496e-02,4.861804431324913689e-01
3.300000000000000155e-01,3.690000000000000000e+04,2.221048184817231430e-02,1.168500844660957105e-01,-6.594945833522383172e-01,3.690000000000000000e+04,2.127611596175188816e-02,1.062903357856130881e-01,-9.080162540154346207e-02,-9.343658864204261449e-04,-1.055974868048262238e-02,5.686929579506948551e-01
3.400000000000000244e-01,3.720000000000000000e+04,2.334081291753426629e-02,1.092161294062947152e-01,-8.672964286079609675e-01,3.720000000000000000e+04,2.224178855509569355e-02,1.014287975599966751e-01,-2.884777239815925487e-01,-1.099024362438572738e-03,-7.787331846298040094e-03,5.788187046263684188e-01
3.500000000000000333e-01,3.750000000000000000e+04,2.438608864009366578e-02,9.983901510558519654e-02,-1.008126431533941991e+00,3.750000000000000000e+04,2.320746114843949548e-02,9.656725933438024823e-02,-4.861538225616416353e-01,-1.178627491654170301e-03,-3.271755771204948315e-03,5.219726089723003559e-01
3.599999999999999867e-01,3.780000000000000000e+04,2.533205560094549044e-02,8.935437706477974973e-02,-1.088801176627146594e+00,3.780000000000000000e+04,2.417313374178329394e-02,9.170572110876384908e-02,-6.838299211416895007e-01,-1.158921859162196505e-03,2.351344043984099352e-03,4.049712554854570934e-01
3.699999999999999956e-01,3.810000000000000000e+04,2.617045301180268013e-02,7.832510510665817438e-02,-1.117053214997167254e+00,3.810000000000000000e+04,2.513880633512709933e-02,8.684418288314743606e-02,-8.815060197217386984e-01,-1.031646676675580798e-03,8.519077776489261677e-03,2.355471952754285558e-01
3.800000000000000044e-01,3.840000000000000000e+04,2.689825026977344519e-02,6.723434648749485043e-02,-1.101098508835498313e+00,3.840000000000000000e+04,2.610447892847090126e-02,8.198264465753100916e-02,-1.079182118301787785e+00,-7.937713413025439257e-04,1.474829817003615873e-02,2.191639053371052803e-02
3.900000000000000133e-01,3.870000000000000000e+04,2.751683470005341151e-02,5.648253956849839941e-02,-1.049262874963791115e+00,3.870000000000000000e+04,2.707015152181470319e-02,7.712110643191458226e-02,-1.276858216881836761e+00,-4.466831782387083172e-04,2.063856686341618285e-02,-2.275953419180456461e-01
4.000000000000000222e-01,3.900000000000000000e+04,2.803118676917818602e-02,4.638787425645650442e-02,-9.696701874445883274e-01,3.900000000000000000e+04,2.803582411515850858e-02,7.225956820629816924e-02,-1.474534315461885736e+00,4.637345980322560290e-06,2.587169394984166482e-02,-5.048641280172974088e-01
4.100000000000000311e-01,3.910000000000000000e+04,2.844781924079424831e-02,3.693862006675595333e-02,-9.201806504955210020e-01,3.910000000000000000e+04,2.829301916938641026e-02,6.295155564959659111e-02,-1.365787703503539952e+00,-1.548000714078380524e-04,2.601293558284063778e-02,-4.456070530080189496e-01
4.199999999999999845e-01,3.920000000000000000e+04,2.877302450441975024e-02,2.810243265834443116e-02,-8.470568311867834321e-01,3.920000000000000000e+04,2.855021422361431541e-02,5.364354309289505462e-02,-1.257041091545194833e+00,-2.228102808054348294e-04,2.554111043455062346e-02,-4.099842603584114009e-01
4.299999999999999933e-01,3.930000000000000000e+04,2.901394692860820648e-02,2.008205217934681819e-02,-7.570192646127387182e-01,3.930000000000000000e+04,2.880740927784221708e-02,4.433553053619346263e-02,-1.148294479586849048e+00,-2.065376507659894001e-04,2.425347835684664444e-02,-3.912752149741103302e-01
4.400000000000000022e-01,3.940000000000000000e+04,2.917943691441847801e-02,1.301594498270748981e-02,-6.562021747151269846e-01,3.940000000000000000e+04,2.906460433207012223e-02,3.502751797949187756e-02,-1.039547867628503264e+00,-1.148325823483557773e-04,2.201157299678438775e-02,-3.833456929133762792e-01
4.500000000000000111e-01,3.950000000000000000e+04,2.927944028590359279e-02,6.984729314315464566e-03,-5.500409589632779817e-01,3.950000000000000000e+04,2.932179938629802390e-02,2.571950542279029250e-02,-9.308012556701574791e-01,4.235910039443110953e-05,1.873477610847482794e-02,-3.807602967068794975e-01
4.600000000000000200e-01,3.960000000000000000e+04,2.932445645536459200e-02,2.018504577884377461e-03,-4.432039883229395016e-01,3.960000000000000000e+04,2.957899444052592558e-02,1.641149286608870744e-02,-8.220546437118116945e-01,2.545379851613335798e-04,1.439298828820433085e-02,-3.788506553888721928e-01
4.700000000000000289e-01,3.970000000000000000e+04,2.932507231808186357e-02,-1.895332034430063407e-03,-3.395633341399486582e-01,3.970000000000000000e+04,2.983618949475383073e-02,7.103480309387122382e-03,-7.133080317534659098e-01,5.111171766719671550e-04,8.998812343817184922e-03,-3.737446976135172516e-01
4.799999999999999822e-01,3.980000000000000000e+04,2.929157494907177334e-02,-4.804141767587983246e-03,-2.421986124916353234e-01,3.980000000000000000e+04,3.009338454898173240e-02,-2.204532247314414106e-03,-6.045614197951207913e-01,8.018095999099590643e-04,2.599609520273569140e-03,-3.623628073034854680e-01
4.899999999999999911e-01,3.990000000000000000e+04,2.923364286624412223e-02,-6.782274797942238788e-03,-1.534279935792157712e-01,3.990000000000000000e+04,3.035057960320963755e-02,-1.151254480401599223e-02,-4.958148078367750067e-01,1.116936736965515320e-03,-4.730270006073753440e-03,-3.423868142575592355e-01
5.000000000000000000e-01,4.000000000000000000e+04,2.916011290555077171e-02,-7.923717340727862851e-03,-7.486051497790913167e-02,4.000000000000000000e+04,3.060777465743753922e-02,-2.082055736071758423e-02,-3.870681958784292220e-01,1.447661751886767517e-03,-1.289684001998972138e-02,-3.122076809005200904e-01
5.100000000000000089e-01,3.990000000000000000e+04,2.907756291115810854e-02,-8.586281537804772365e-03,-5.765232443747270175e-02,3.990000000000000000e+04,3.037900273996658324e-02,-2.123188423799315938e-02,-3.178810942482548918e-01,1.301439828808474697e-03,-1.264560270018838702e-02,-2.602287698107821901e-01
5.200000000000000178e-01,3.980000000000000000e+04,2.898922275077115210e-02,-9.081750539586517373e-03,-4.144147591887636928e-02,3.980000000000000000e+04,3.015023082249563072e-02,-2.164321111526873453e-02,-2.486939926180805338e-01,1.161008071724478619e-03,-1.256146057568221716e-02,-2.072525166992041645e-01
5.300000000000000266e-01,3.970000000000000000e+04,2.889670365115281844e-02,-9.422069384080213744e-03,-2.662229297986296039e-02,3.970000000000000000e+04,2.992145890502467473e-02,-2.205453799254430622e-02,-1.795068909879061758e-01,1.024755253871856286e-03,-1.263246860846409247e-02,-1.528845980080432154e-01
5.400000000000000355e-01,3.960000000000000000e+04,2.880148062645831661e-02,-9.622535554820153131e-03,-1.347094116812486142e-02,3.960000000000000000e+04,2.969268698755372221e-02,-2.246586486981988137e-02,-1.103197893577318456e-01,8.912063610954056025e-04,-1.284332931499972824e-02,-9.684884818960698416e-02
5.500000000000000444e-01,3.950000000000000000e+04,2.870486458534774604e-02,-9.700672667293960133e-03,-2.156481326636372486e-03,3.950000000000000000e+04,2.946391507008276622e-02,-2.287719174709545653e-02,-4.113268772755745983e-02,7.590504847350201811e-04,-1.317651907980149639e-02,-3.897620640092108735e-02
5.600000000000000533e-01,3.940000000000000000e+04,2.860798510303986034e-02,-9.675223794283179315e-03,7.246255928792466605e-03,3.939999999999999272e+04,2.923514315261181024e-02,-2.328851862437103168e-02,2.805441390261687040e-02,6.271580495719498993e-04,-1.361329483008785236e-02,2.080815797382440380e-02
5.700000000000000622e-01,3.930000000000000000e+04,2.851178259016483307e-02,-9.565278780722271529e-03,1.474274678338916011e-02,3.929999999999999272e+04,2.900637123514085772e-02,-2.369984550164660683e-02,9.724151553279120064e-02,4.945886449760246439e-04,-1.413456672092433530e-02,8.249876874940204052e-02
5.799999999999999600e-01,3.920000000000000000e+04,2.841700848290823478e-02,-9.389542670597387369e-03,2.040447524158772730e-02,3.919999999999999272e+04,2.877759931766990520e-02,-2.411117237892217505e-02,1.664286171629647537e-01,3.605908347616704201e-04,-1.472162970832478768e-02,1.460241419213770264e-01
5.899999999999999689e-01,3.910000000000000000e+04,2.832423203875639173e-02,-9.165746159771222951e-03,2.435482692364510093e-02,3.909999999999999272e+04,2.854882740019894921e-02,-2.452249925619775020e-02,2.356157187931391395e-01,2.245953614425574840e-04,-1.535675309642652725e-02,2.112608918694940385e-01
5.999999999999999778e-01,3.900000000000000000e+04,2.823385233876524528e-02,-8.910193838458067145e-03,2.675563733898589369e-02,3.899999999999999272e+04,2.832005548272799669e-02,-2.493382613347332535e-02,3.048028204233135252e-01,8.620314396275141622e-05,-1.602363229501525821e-02,2.780471830843276315e-01
6.099999999999999867e-01,3.820000000000000000e+04,2.814172269211579619e-02,-9.515735491431752055e-03,-1.478639679337228063e-01,3.820000000000000000e+04,2.801612561681152136e-02,-2.602565822510817181e-02,2.220056145059551844e-01,-1.255970753042748300e-04,-1.650992273367642149e-02,3.698695824396779908e-01
6.199999999999999956e-01,3.740000000000000000e+04,2.803570335305942754e-02,-1.168813231984197794e-02,-2.866153977483223425e-01,3.740000000000000000e+04,2.771219575089504256e-02,-2.711749031674302521e-02,1.392084085885951783e-01,-3.235076021643849831e-04,-1.542935799690104727e-02,4.258238063369175208e-01
6.300000000000000044e-01,3.660000000000000000e+04,2.790188352916269515e-02,-1.507583245950450124e-02,-3.909246301841824422e-01,3.660000000000000000e+04,2.740826588497856722e-02,-2.820932240837788207e-02,5.641120267123517218e-02,-4.936176441841279294e-04,-1.313348994887338084e-02,4.473358328554176144e-01
6.400000000000000133e-01,3.580000000000000000e+04,2.772977265950558878e-02,-1.934634147191677256e-02,-4.631771722982713779e-01,3.579999999999999272e+04,2.710433601906209189e-02,-2.930115450001273547e-02,-2.638600324612483394e-02,-6.254366404434968940e-04,-9.954813028095962912e-03,4.367911690521465440e-01
6.500000000000000222e-01,3.499999999999999272e+04,2.751206817289219425e-02,-2.419455585076213736e-02,-5.064657034708013317e-01,3.499999999999999272e+04,2.680040615314561309e-02,-3.039298659164758887e-02,-1.091832091634848956e-01,-7.116620197465811648e-04,-6.198430740885451512e-03,3.972824943073164361e-01
6.600000000000000311e-01,3.419999999999999272e+04,2.724435204171782310e-02,-2.934867038411209314e-02,-5.243572031991898807e-01,3.419999999999999272e+04,2.649647628722913775e-02,-3.148481868328244226e-02,-1.919804150808449017e-01,-7.478757544886853459e-04,-2.136148299170349124e-03,3.323767881183449791e-01
6.700000000000000400e-01,3.339999999999999272e+04,2.692473929974836463e-02,-3.457387800977959613e-02,-5.206843219343106899e-01,3.339999999999999272e+04,2.619254642131266242e-02,-3.257665077491729566e-02,-2.747776209982049078e-01,-7.321928784357022157e-04,1.997227234862300471e-03,2.459067009361057821e-01
6.800000000000000488e-01,3.259999999999999272e+04,2.655349930995301241e-02,-3.967411994929084806e-02,-4.993640659679392524e-01,3.259999999999998909e+04,2.588861655539618709e-02,-3.366848286655215600e-02,-3.575748269155649695e-01,-6.648827545568253283e-04,6.005637082738692067e-03,1.417892390523742829e-01
6.900000000000000577e-01,3.179999999999999272e+04,2.613266787460265250e-02,-4.449216712078114117e-02,-4.642453683301195344e-01,3.179999999999998545e+04,2.558468668947970828e-02,-3.476031495818700939e-02,-4.403720328329249201e-01,-5.479811851229442199e-04,9.731852162594131772e-03,2.387333549719461434e-02
7.000000000000000666e-01,3.099999999999998545e+04,2.566566542351851610e-02,-4.890832309604611905e-02,-4.189858267228767641e-01,3.099999999999998545e+04,2.528075682356323295e-02,-3.585214704982186279e-02,-5.231692387502849817e-01,-3.849085999552831483e-04,1.305617604622425626e-02,-1.041834120274082176e-01
7.099999999999999645e-01,2.980000000000000000e+04,2.515442421621514116e-02,-5.333991836462887576e-02,-4.673332269936747441e-01,2.980000000000000000e+04,2.466875615655494958e-02,-4.092173098002321874e-02,-5.199270696042560536e-01,-4.856680596601915811e-04,1.241818738460565702e-02,-5.259384261058130949e-02
7.199999999999999734e-01,2.860000000000000000e+04,2.459707245805662149e-02,-5.813043326707505870e-02,-4.907697534955619556e-01,2.860000000000000000e+04,2.405675548954665927e-02,-4.599131491022462326e-02,-5.166849004582271254e-01,-5.403169685099622199e-04,1.213911835685043544e-02,-2.591514696266516982e-02
7.299999999999999822e-01,2.740000000000000000e+04,2.399117768523888888e-02,-6.304852129647146863e-02,-4.928478523837196423e-01,2.740000000000000000e+04,2.344475482253837242e-02,-5.106089884042603472e-02,-5.134427313121981973e-01,-5.464228627005164596e-04,1.198762245604543392e-02,-2.059487892847855495e-02
7.399999999999999911e-01,2.620000000000000000e+04,2.333644011820257963e-02,-6.789899211079039598e-02,-4.772463104800646061e-01,2.620000000000000000e+04,2.283275415553008211e-02,-5.613048277062744618e-02,-5.102005621661692691e-01,-5.036859626724975170e-04,1.176850934016294981e-02,-3.295425168610466304e-02
7.500000000000000000e-01,2.500000000000000000e+04,2.263432856882676217e-02,-7.252331776437309641e-02,-4.476188202364757007e-01,2.500000000000000000e+04,2.222075348852179180e-02,-6.120006670082885070e-02,-5.069583930201403410e-01,-4.135750803049703661e-04,1.132325106354424571e-02,-5.933957278366464028e-02
7.600000000000000089e-01,2.380000000000000000e+04,2.188771816999732570e-02,-7.679876200151419807e-02,-4.074700271917446326e-01,2.380000000000000000e+04,2.160875282151350149e-02,-6.626965063103026909e-02,-5.037162238741114129e-01,-2.789653484838242048e-04,1.052911137048392898e-02,-9.624619668236678027e-02
7.700000000000000178e-01,2.260000000000000000e+04,2.110054233462610104e-02,-8.063640507273073244e-02,-3.600585870515626841e-01,2.260000000000000000e+04,2.099675215450521465e-02,-7.133923456123167361e-02,-5.004740547280824847e-01,-1.037901801208863939e-04,9.297170511499058820e-03,-1.404154676765198007e-01
7.800000000000000266e-01,2.140000000000000000e+04,2.027746867188027005e-02,-8.397832747643546591e-02,-3.083258936893844560e-01,2.140000000000000000e+04,2.038475148749692434e-02,-7.640881849143307813e-02,-4.972318855820535566e-01,1.072828156166542868e-04,7.569508985002387780e-03,-1.889059918926691006e-01
7.900000000000000355e-01,2.020000000000000000e+04,1.942360603795723756e-02,-8.679419930817103279e-02,-2.548484726577282533e-01,2.020000000000000000e+04,1.977275082048863403e-02,-8.147840242163448266e-02,-4.939897164360246284e-01,3.491447825313964692e-04,5.315796886536550137e-03,-2.391412437782963751e-01
8.000000000000000444e-01,1.900000000000000000e+04,1.854424754416773846e-02,-8.907749944972880030e-02,-2.018115556538251365e-01,1.900000000000000000e+04,1.916075015348034372e-02,-8.654798635183590105e-02,-4.907475472899957003e-01,6.165026093126052542e-04,2.529513097892899243e-03,-2.889359916361705638e-01
8.100000000000000533e-01,1.810000000000000000e+04,1.764653429240312446e-02,-9.046515090319401375e-02,-7.571873503921833226e-02,1.810000000000000000e+04,1.828544330290465120e-02,-8.674452609298255457e-02,-3.965288326549296638e-01,6.389090105015267362e-04,3.720624810211459188e-03,-3.208100976157113315e-01
8.200000000000000622e-01,1.720000000000000000e+04,1.674076193782766259e-02,-9.068932001189837500e-02,3.088491329834508470e-02,1.720000000000000000e+04,1.741013645232895868e-02,-8.694106583412922196e-02,-3.023101180198636273e-01,6.693745145012960918e-04,3.748254177769153039e-03,-3.331950313182087120e-01
8.300000000000000711e-01,1.629999999999999636e+04,1.583758280204942276e-02,-8.994650714374957667e-02,1.176776603314155789e-01,1.629999999999999636e+04,1.653482960175326616e-02,-8.713760557527587547e-02,-2.080914033847975908e-01,6.972467997038434007e-04,2.808901568473701205e-03,-3.257690637162131697e-01
8.399999999999999689e-01,1.540000000000000728e+04,1.494568692919661171e-02,-8.843266742681264725e-02,1.850902830559715273e-01,1.540000000000000728e+04,1.565952275117758058e-02,-8.733414531642252898e-02,-1.138726887497325535e-01,7.138358219809688709e-04,1.098522110390118267e-03,-2.989629718057040808e-01
8.499999999999999778e-01,1.450000000000000546e+04,1.407184148066235180e-02,-8.633642228003934882e-02,2.341587462986882695e-01,1.450000000000000546e+04,1.478421590060188806e-02,-8.753068505756919637e-02,-1.965397411466651700e-02,7.123744199395362631e-04,-1.194262777529847552e-03,-2.538127204133547865e-01
8.599999999999999867e-01,1.360000000000000364e+04,1.322099076404308418e-02,-8.383372104381414669e-02,2.663815009463530448e-01,1.360000000000000364e+04,1.390890905002619554e-02,-8.772722479871584988e-02,7.456474052039951950e-02,6.879182859831113606e-04,-3.893503754901703195e-03,-1.918167604259535253e-01
8.699999999999999956e-01,1.270000000000000364e+04,1.239640273115467060e-02,-8.108388553386855491e-02,2.835856010427650897e-01,1.270000000000000364e+04,1.303360219945050129e-02,-8.792376453986251728e-02,1.687834551554655560e-01,6.371994682958306844e-04,-6.839879005993962369e-03,-1.148021458872995337e-01
8.800000000000000044e-01,1.180000000000000364e+04,1.159984863569667526e-02,-7.822693355773049917e-02,2.878047941848447255e-01,1.180000000000000364e+04,1.215829534887480703e-02,-8.812030428100917079e-02,2.630021697905315925e-01,5.584467131781317706e-04,-9.893370723278671619e-03,-2.480262439431313304e-02
8.900000000000000133e-01,1.090000000000000182e+04,1.083180371409640623e-02,-7.538205076232330770e-02,2.811717648965934568e-01,1.090000000000000182e+04,1.128298849829911452e-02,-8.831684402215583818e-02,3.572208844255976290e-01,4.511847842027082861e-04,-1.293479325983253048e-02,7.604911952900417216e-02
9.000000000000000222e-01,1.000000000000000000e+04,1.009165814635979742e-02,-7.264706278499843961e-02,2.658258305683791622e-01,1.000000000000000000e+04,1.040768164772342200e-02,-8.851338376330249169e-02,4.514395990606637765e-01,3.160235013636245732e-04,-1.586632097830405208e-02,1.856137684922846143e-01
9.100000000000000311e-01,8.999999999999998181e+03,9.377301727161521314e-03,-7.022422105465678244e-02,2.187425154999533827e-01,8.999999999999998181e+03,9.655619480847451100e-03,-8.585195034816138493e-02,4.143803475513528900e-01,2.783177536859297863e-04,-1.562772929350460249e-02,1.956378320513995073e-01
9.200000000000000400e-01,7.999999999999998181e+03,8.684834204233302796e-03,-6.826928353098690727e-02,1.722449892340212063e-01,7.999999999999998181e+03,8.903557313971480203e-03,-8.319051693302029205e-02,3.773210960420420590e-01,2.187231097381774070e-04,-1.492123340203338477e-02,2.050761068080208527e-01
9.300000000000000488e-01,6.999999999999996362e+03,8.009644090955544971e-03,-6.676873912456467164e-02,1.278638920504266974e-01,6.999999999999996362e+03,8.151495147095509305e-03,-8.052908351787918528e-02,3.402618445327311725e-01,1.418510561399643349e-04,-1.376034439331451364e-02,2.123979524823044751e-01
9.400000000000000577e-01,5.999999999999995453e+03,7.347322963012954851e-03,-6.569548646395335922e-02,8.678664007183667373e-02,5.999999999999995453e+03,7.399432980219537541e-03,-7.786765010273809240e-02,3.032025930234203415e-01,5.211001720658268999e-05,-1.217216363878473318e-02,2.164159529515836677e-01
9.500000000000000666e-01,4.999999999999994543e+03,6.693784664364718986e-03,-6.501217326569380672e-02,4.987599958007282730e-02,4.999999999999994543e+03,6.647370813343566644e-03,-7.520621668759698564e-02,2.661433415141094549e-01,-4.641385102115234279e-05,-1.019404342190317891e-02,2.162673419340366276e-01
9.599999999999999645e-01,4.000000000000003638e+03,6.045352251799976200e-03,-6.467430924725474373e-02,1.769680410774054913e-02,4.000000000000003638e+03,5.895308646467603553e-03,-7.254478327245592051e-02,2.290840900047990125e-01,-1.500436053323726468e-04,-7.870474025201176782e-03,2.113872858970584634e-01
9.699999999999999734e-01,3.000000000000002728e+03,5.398815290563547566e-03,-6.463308300003098306e-02,-9.451554662988970179e-03,3.000000000000002728e+03,5.143246479591632656e-03,-6.988334985731481375e-02,1.920248384954881815e-01,-2.555688109719149101e-04,-5.250266857283830690e-03,2.014763931584771517e-01
9.799999999999999822e-01,2.000000000000001819e+03,4.751460696249729630e-03,-6.483783586273260402e-02,-3.149901787733599967e-02,2.000000000000001819e+03,4.391184312715661758e-03,-6.722191644217372086e-02,1.549655869861772950e-01,-3.602763835340678719e-04,-2.384080579441116843e-03,1.864646048635132947e-01
9.899999999999999911e-01,1.000000000000000000e+03,4.101080686263316143e-03,-6.523816613455009350e-02,-4.856703648616300661e-02,1.000000000000000000e+03,3.639122145839690861e-03,-6.456048302703261410e-02,1.179063354768664085e-01,-4.619585404236252815e-04,6.776831075174793995e-04,1.664733719630294151e-01
1.000000000000000000e+00,0.000000000000000000e+00,3.445961582403280973e-03,-6.578565463745693342e-02,-6.093066409520520033e-02,0.000000000000000000e+00,2.887059978963720398e-03,-6.189904961189152122e-02,8.084708396755557747e-02,-5.589016034395605757e-04,3.886605025565412208e-03,1.417777480627607778e-01
1.010000000000000009e+00,0.000000000000000000e+00,2.791130747342632831e-03,-6.518051237467269166e-02,1.819591166520548864e-01,0.000000000000000000e+00,2.486181887331390290e-03,-5.753680152215981392e-02,1.519226289686785580e-01,-3.049488600112425403e-04,7.643710852512877740e-03,-3.003648768337632835e-02
1.020000000000000018e+00,0.000000000000000000e+00,2.153269367718492130e-03,-6.239176355015545183e-02,3.757906482513935220e-01,0.000000000000000000e+00,2.085303795699060617e-03,-5.317455343242811355e-02,2.229981739698015386e-01,-6.796557201943151383e-05,9.217210117727338281e-03,-1.527924742815919834e-01
1.030000000000000027e+00,0.000000000000000000e+00,1.551805793428431748e-03,-5.790095130785660738e-02,5.223718002083745926e-01,0.000000000000000000e+00,1.684425704066730509e-03,-4.881230534269640625e-02,2.940737189709245469e-01,1.326199106382987616e-04,9.088645965160201123e-03,-2.282980812374500457e-01
1.040000000000000036e+00,0.000000000000000000e+00,1.001476896910783766e-03,-5.216482799567298545e-02,6.248528622283491263e-01,0.000000000000000000e+00,1.283547612434400402e-03,-4.445005725296470589e-02,3.651492639720474997e-01,2.820707155236166358e-04,7.714770742708279561e-03,-2.597035982563016265e-01
1.050000000000000044e+00,0.000000000000000000e+00,5.126344400405250532e-04,-4.560366337837874762e-02,6.873800612304978852e-01,0.000000000000000000e+00,8.826695208020702947e-04,-4.008780916323299859e-02,4.362248089731705081e-01,3.700350807615452415e-04,5.515854215145749029e-03,-2.511552522573273771e-01
1.060000000000000053e+00,0.000000000000000000e+00,9.165168159021858519e-05,-3.859288831168253275e-02,7.147749521087451985e-01,0.000000000000000000e+00,4.817914291697406211e-04,-3.572556107350129129e-02,5.073003539742935164e-01,3.901397475795220088e-04,2.867327238181241467e-03,-2.074745981344516821e-01
1.070000000000000062e+00,0.000000000000000000e+00,-2.586016677026010133e-04,-3.145778154688139150e-02,7.122464008514828304e-01,0.000000000000000000e+00,8.091333753741051377e-05,-3.136331298376958399e-02,5.783758989754164137e-01,3.395150052400115271e-04,9.446856311180751309e-05,-1.338705018760664167e-01
1.080000000000000071e+00,0.000000000000000000e+00,-5.382448343145327220e-04,-2.447085177550495025e-02,6.851395534238051699e-01,0.000000000000000000e+00,-3.199647540949195935e-04,-2.700106489403788362e-02,6.494514439765394220e-01,2.182800802196131285e-04,-2.530213118532933375e-03,-3.568810944726574785e-02
1.090000000000000080e+00,0.000000000000000000e+00,-7.498567604164550890e-04,-1.785153344487952487e-02,6.387241127012799335e-01,0.000000000000000000e+00,-7.208428457272497009e-04,-2.263881680430617632e-02,7.205269889776624304e-01,2.901391468920538810e-05,-4.787283359426651452e-03,8.180287627638249681e-02
1.100000000000000089e+00,0.000000000000000000e+00,-8.979534306263700118e-04,-1.176780059710345883e-02,5.780224568539333863e-01,0.000000000000000000e+00,-1.121720937359580025e-03,-1.827656871457446902e-02,7.916025339787854387e-01,-2.237675067332100132e-04,-6.508768117471010195e-03,2.135800771248520524e-01
1.110000000000000098e+00,0.000000000000000000e+00,-9.884889591964774944e-04,-6.339305116918035957e-03,5.076766391831510905e-01,0.000000000000000000e+00,-1.109716391847596429e-03,-1.438116406141990399e-02,7.111901202461197169e-01,-1.212274326511189344e-04,-8.041858944501868028e-03,2.035134810629686264e-01
1.120000000000000107e+00,0.000000000000000000e+00,-1.028393791584255451e-03,-1.641661360637555397e-03,4.318521120729450491e-01,0.000000000000000000e+00,-1.097711846335612832e-03,-1.048575940826533895e-02,6.307777065134538841e-01,-6.931805475135738130e-05,-8.844098047627783551e-03,1.989255944405088350e-01
1.130000000000000115e+00,0.000000000000000000e+00,-1.025159724726552521e-03,2.288474732178141444e-03,3.541751064901943469e-01,0.000000000000000000e+00,-1.085707300823629453e-03,-6.590354755110772178e-03,5.503652927807880513e-01,-6.054757609707693208e-05,-8.878829487288913622e-03,1.961901862905937044e-01
1.140000000000000124e+00,0.000000000000000000e+00,-9.864781008647527990e-04,5.447850040181802939e-03,2.776999551105380215e-01,0.000000000000000000e+00,-1.073702755311645857e-03,-2.694950101956207142e-03,4.699528790481223295e-01,-8.722465444689305770e-05,-8.142800142138010080e-03,1.922529239375843080e-01
1.150000000000000133e+00,0.000000000000000000e+00,-9.199345454050094229e-04,7.860861051766872276e-03,2.049022472064757627e-01,0.000000000000000000e+00,-1.061698209799662260e-03,1.200454551198357894e-03,3.895404653154565522e-01,-1.417636643946528375e-04,-6.660406500568514382e-03,1.846382181089807895e-01
1.159999999999999920e+00,0.000000000000000000e+00,-8.327610407520714270e-04,9.573839878820726915e-03,1.376935182042952066e-01,0.000000000000000000e+00,-1.049693664287678881e-03,5.095859204352837929e-03,3.091280515827925512e-01,-2.169326235356074540e-04,-4.477980674467888986e-03,1.714345333784973446e-01
1.169999999999999929e+00,0.000000000000000000e+00,-7.316439746315715493e-04,1.064957334527925036e-02,7.745317508740956480e-02,0.000000000000000000e+00,-1.037689118775695502e-03,8.991263857507404700e-03,2.287156378501267184e-01,-3.060451441441239522e-04,-1.658309487771845656e-03,1.512624627627171536e-01
1.179999999999999938e+00,0.000000000000000000e+00,-6.225850740909784050e-04,1.116220676283937938e-02,2.507350842461619767e-02,0.000000000000000000e+00,-1.025684573263711905e-03,1.288666851066196800e-02,1.483032241174609966e-01,-4.030994991727335003e-04,1.724461747822588625e-03,1.232297156928447990e-01
1.189999999999999947e+00,0.000000000000000000e+00,-5.108108209796643475e-04,1.119264385942343211e-02,-1.898608910780563708e-02,0.000000000000000000e+00,-1.013680027751728309e-03,1.678207316381653824e-02,6.789081038479516383e-02,-5.028692067720639614e-04,5.589429304393106132e-03,8.687689949260080091e-02
1.199999999999999956e+00,0.000000000000000000e+00,-4.007250151056818382e-04,1.082451731537307019e-02,-5.463921970226681690e-02,0.000000000000000000e+00,-1.001675482239744713e-03,2.067747781697110154e-02,-1.252160334787055795e-02,-6.009504671340628202e-04,9.852960501598031356e-03,4.211761635439625895e-02
1.209999999999999964e+00,0.000000000000000000e+00,-2.958985723426133039e-04,1.014077123724063841e-02,-8.210999592421963644e-02,0.000000000000000000e+00,-8.653017049775977437e-04,1.926945779881996529e-02,-3.817768304132242857e-02,-5.694031326349843856e-04,9.128686561579326883e-03,4.393231288289720787e-02
1.219999999999999973e+00,0.000000000000000000e+00,-1.990903754531162624e-04,9.220868140658771209e-03,-1.018706233921536919e-01,0.000000000000000000e+00,-7.289279277154480643e-04,1.786143778066871107e-02,-6.383376273477298080e-02,-5.298375522623318019e-04,8.640569640009939864e-03,3.803686065738071109e-02
1.229999999999999982e+00,0.000000000000000000e+00,-1.122929904228944564e-04,8.138608865385589877e-03,-1.145812316624824634e-01,0.000000000000000000e+00,-5.925541504532983849e-04,1.645341776251745686e-02,-8.948984242822353996e-02,-4.802611600304039149e-04,8.314808897131866980e-03,2.509138923425892342e-02
1.239999999999999991e+00,0.000000000000000000e+00,-3.679727436681316392e-05,6.960534345830666179e-03,-1.210336722485022554e-01,0.000000000000000000e+00,-4.561803731911485971e-04,1.504539774436620611e-02,-1.151459221216740852e-01,-4.193830988243354399e-04,8.084863398535539064e-03,5.887750126828170116e-03
1.250000000000000000e+00,0.000000000000000000e+00,2.672971325064754024e-05,5.744863177661476035e-03,-1.221005613853357596e-01,0.000000000000000000e+00,-3.198065959289989177e-04,1.363737772621495363e-02,-1.408020018151246444e-01,-3.465363091796464477e-04,7.892514548553476728e-03,-1.870144042978888477e-02
1.260000000000000009e+00,0.000000000000000000e+00,7.815857008082765687e-05,4.540908188374547481e-03,-1.186904364720499094e-01,0.000000000000000000e+00,-1.834328186668491298e-04,1.222935770806370115e-02,-1.664580815085751897e-01,-2.615913887476767731e-04,7.688449519689153668e-03,-4.776764503652528027e-02
1.270000000000000018e+00,0.000000000000000000e+00,1.178076528602067650e-04,3.388908367501274575e-03,-1.117095277026046718e-01,0.000000000000000000e+00,-4.705904140469945041e-05,1.082133768991244867e-02,-1.921141612020257627e-01,-1.648666942649062018e-04,7.432429322411174093e-03,-8.040463349942109095e-02
1.280000000000000027e+00,0.000000000000000000e+00,1.463532401951707460e-04,2.320209099491521952e-03,-1.020303258993459083e-01,0.000000000000000000e+00,8.931473585745033743e-05,9.413317671761196187e-03,-2.177702408954763080e-01,-5.703850433772040857e-05,7.093108572269674235e-03,-1.157399149961303997e-01
1.290000000000000036e+00,0.000000000000000000e+00,1.647429016175127215e-04,1.357723184976872711e-03,-9.046685700358392257e-02,0.000000000000000000e+00,2.256885131196001253e-04,8.005297653609943706e-03,-2.434263205889268533e-01,6.094561150208740378e-05,6.647574468633071429e-03,-1.529594635853429307e-01
1.300000000000000044e+00,0.000000000000000000e+00,1.741145531974227730e-04,5.166071310051374927e-04,-7.775635379076312192e-02,0.000000000000000000e+00,3.620622903817496420e-04,6.597277635458691225e-03,-2.690824002823773986e-01,1.879477371843268690e-04,6.080670504453553407e-03,-1.913260464916142767e-01
1.310000000000000053e+00,0.000000000000000000e+00,1.757230445380414657e-04,-1.949088628813989673e-04,-6.454684498654417180e-02,0.000000000000000000e+00,3.605583650618711671e-04,5.247743601969383220e-03,-2.422566008956880956e-01,1.848353205238297014e-04,5.442652464850782079e-03,-1.777097559091439238e-01
1.320000000000000062e+00,0.000000000000000000e+00,1.708755333256466863e-04,-7.745933795975570163e-04,-5.139005835668743194e-02,0.000000000000000000e+00,3.590544397419926379e-04,3.898209568480074348e-03,-2.154308015089987649e-01,1.881789064163459516e-04,4.672802948077631364e-03,-1.640407431523113191e-01
1.330000000000000071e+00,0.000000000000000000e+00,1.608763742294591712e-04,-1.225238439639945998e-03,-3.873895365179035044e-02,0.000000000000000000e+00,3.575505144221141629e-04,2.548675534990766343e-03,-1.886050021223094619e-01,1.966741401926549917e-04,3.773913974630712341e-03,-1.498660484705190976e-01
1.340000000000000080e+00,0.000000000000000000e+00,1.469817870216548722e-04,-1.553679001920913816e-03,-2.694915880440319766e-02,0.000000000000000000e+00,3.560465891022356337e-04,1.199141501501457471e-03,-1.617792027356201312e-01,2.090648020805807616e-04,2.752820503422371071e-03,-1.348300439312169474e-01
1.350000000000000089e+00,0.000000000000000000e+00,1.303641787002825453e-04,-1.769842662353551550e-03,-1.628357328212436117e-02,0.000000000000000000e+00,3.545426637823571587e-04,-1.503925319878505334e-04,-1.349534033489308282e-01,2.241784850820746134e-04,1.619450130365701016e-03,-1.186698300668064671e-01
1.360000000000000098e+00,0.000000000000000000e+00,1.120856772313370852e-04,-1.885857631435540471e-03,-6.919420534273426626e-03,0.000000000000000000e+00,3.530387384624786838e-04,-1.499926565477158538e-03,-1.081276039622415253e-01,2.409530612311415985e-04,3.859310659583819331e-04,-1.012081834279680986e-01
1.370000000000000107e+00,0.000000000000000000e+00,9.308018861455589577e-05,-1.915240091920697094e-03,1.042928437242088280e-03,0.000000000000000000e+00,3.515348131426001546e-04,-2.849460598966466543e-03,-8.130180457555222229e-02,2.584546245280442724e-04,-9.342205070457694494e-04,-8.234473301279431057e-02
1.380000000000000115e+00,0.000000000000000000e+00,7.414311044337296456e-05,-1.872175542315888822e-03,7.569981483719553927e-03,0.000000000000000000e+00,3.500308878227216796e-04,-4.198994632455776282e-03,-5.447600518886289156e-02,2.758877773793487150e-04,-2.326819090139887677e-03,-6.204598667258244549e-02
1.390000000000000124e+00,0.000000000000000000e+00,5.592771840964445152e-05,-1.770902864429813733e-03,1.268455409349546203e-02,0.000000000000000000e+00,3.485269625028431504e-04,-5.548528665945084287e-03,-2.765020580217358859e-02,2.925992440931987192e-04,-3.777625801515270554e-03,-4.033475989566905062e-02
1.400000000000000133e+00,0.000000000000000000e+00,3.894718054059842678e-05,-1.625204709379391484e-03,1.645507691658897043e-02,0.000000000000000000e+00,3.470230371829646754e-04,-6.898062699434392292e-03,-8.244064154842578596e-04,3.080758566423662487e-04,-5.272857990055000374e-03,-1.727948333207322829e-02
1.409999999999999920e+00,0.000000000000000000e+00,2.358113984411160883e-05,-1.448003429917972323e-03,1.898517897569486357e-02,0.000000000000000000e+00,3.006790387671435605e-04,-6.445330127863963324e-03,8.395126299021173424e-03,2.770978989230319517e-04,-4.997326697945990784e-03,-1.059005267667369014e-02
1.419999999999999929e+00,0.000000000000000000e+00,1.008583162174402558e-05,-1.251058214555544326e-03,2.040386409679072199e-02,0.000000000000000000e+00,2.543350403513214698e-04,-5.992597556293523947e-03,1.761465901352680941e-02,2.442492087295774442e-04,-4.741539341737979404e-03,-2.789205083263912588e-03
1.429999999999999938e+00,0.000000000000000000e+00,-1.393240884534939983e-06,-1.044756286700248595e-03,2.085652147426843295e-02,0.000000000000000000e+00,2.079910419354993249e-04,-5.539864984723084571e-03,2.683419172803244712e-02,2.093842828200342780e-04,-4.495108698022835976e-03,5.977670253764014174e-03
1.439999999999999947e+00,0.000000000000000000e+00,-1.080696722312753800e-05,-8.379889810182711892e-04,2.049693966212705332e-02,0.000000000000000000e+00,1.616470435196772071e-04,-5.087132413152645194e-03,3.605372444253808484e-02,1.724540107428047570e-04,-4.249143432134373788e-03,1.555678478041103152e-02
1.449999999999999956e+00,0.000000000000000000e+00,-1.818742283442963053e-05,-6.381021412421473017e-04,1.948042829309772073e-02,0.000000000000000000e+00,1.153030451038550893e-04,-4.634399841582205817e-03,4.527325715704372255e-02,1.334904679382847164e-04,-3.996297700340058733e-03,2.579282886394600183e-02
1.459999999999999964e+00,0.000000000000000000e+00,-2.363248117478276432e-05,-4.509095268284794844e-04,1.795809458963583405e-02,0.000000000000000000e+00,6.895904668803294439e-05,-4.181667270011766441e-03,5.449278987154935333e-02,9.259152786281570871e-05,-3.730757743183286956e-03,3.653469528191351928e-02
1.469999999999999973e+00,0.000000000000000000e+00,-2.729081725598489613e-05,-2.807576894119469322e-04,1.607227289367067768e-02,0.000000000000000000e+00,2.261504827221085369e-05,-3.728934698441327932e-03,6.371232258605499799e-02,4.990586552819574982e-05,-3.448177009029381162e-03,4.764004969238432030e-02
1.479999999999999982e+00,0.000000000000000000e+00,-2.934776069661504860e-05,-1.306309987140835617e-04,1.395306524590199382e-02,0.000000000000000000e+00,-2.372895014361129122e-05,-3.276202126870888555e-03,7.293185530056063570e-02,5.618810553003757385e-06,-3.145571128156804831e-03,5.897879005465864188e-02
1.489999999999999991e+00,0.000000000000000000e+00,-3.001234606799370615e-05,-2.286075561647919838e-06,1.171591938458513282e-02,0.000000000000000000e+00,-7.007294855943343613e-05,-2.823469555300449178e-03,8.215138801506625954e-02,-4.006060249143973337e-05,-2.821183479738801313e-03,7.043546863048112672e-02
1.500000000000000000e+00,0.000000000000000000e+00,-2.950580516346667433e-05,1.035942564670542837e-04,9.460147021155308755e-03,0.000000000000000000e+00,-1.164169469752556081e-04,-2.370736983730009802e-03,9.137092072957189726e-02,-8.691114181178893720e-05,-2.474331240197064248e-03,8.191077370841659544e-02
1.510000000000000009e+00,0.000000000000000000e+00,-2.805165219125673926e-05,1.872363379749327026e-04,7.268269280420375233e-03,0.000000000000000000e+00,-1.167805949499349836e-04,-1.903862546477595253e-03,8.243422532870581243e-02,-8.872894275867824771e-05,-2.091098884452528145e-03,7.516595604828543720e-02
1.520000000000000018e+00,0.000000000000000000e+00,-2.586743040443477401e-05,2.496080193894603737e-04,5.206067002485159634e-03,0.000000000000000000e+00,-1.171442429246143590e-04,-1.436988109225180704e-03,7.349752992783971373e-02,-9.127681252017958162e-05,-1.686596128614641131e-03,6.829146292535455409e-02
1.530000000000000027e+00,0.000000000000000000e+00,-2.315811827737554514e-05,2.922544060223854559e-04,3.323210324099851176e-03,0.000000000000000000e+00,-1.175078908992937209e-04,-9.701136719727661544e-04,6.456083452697362890e-02,-9.434977262191817239e-05,-1.262368077995151610e-03,6.123762420287377772e-02
1.540000000000000036e+00,0.000000000000000000e+00,-2.011113536740761904e-05,3.171421759711997635e-04,1.654343665663013385e-03,0.000000000000000000e+00,-1.178715388739730964e-04,-5.032392347203518222e-04,5.562413912610753713e-02,-9.776040350656548070e-05,-8.203814106915515315e-04,5.396979546044452375e-02
1.550000000000000044e+00,0.000000000000000000e+00,-1.689284231579363572e-05,3.265164343515969013e-04,2.205080104164119925e-04,0.000000000000000000e+00,-1.182351868486524718e-04,-3.636479746793727305e-05,4.668744372524144537e-02,-1.013423445328588327e-04,-3.628812318195341743e-04,4.646693571482503338e-02
1.560000000000000053e+00,0.000000000000000000e+00,-1.364639549050805360e-05,3.227729307055196301e-04,-9.692087396318688208e-04,0.000000000000000000e+00,-1.185988348233318472e-04,4.305096397844774929e-04,3.775074832437535360e-02,-1.049524393328237902e-04,1.077367090789578628e-04,3.871995706400722242e-02
1.570000000000000062e+00,0.000000000000000000e+00,-1.049079368630873564e-05,3.083474301343438811e-04,-1.915891374603281849e-03,0.000000000000000000e+00,-1.189624827980112227e-04,8.973840770368918252e-04,2.881405292350926184e-02,-1.084716891117024870e-04,5.890366469025479440e-04,3.072994429811254369e-02
1.580000000000000071e+00,0.000000000000000000e+00,-7.520940977932829923e-06,2.856231115408373162e-04,-2.628972344098035041e-03,0.000000000000000000e+00,-1.193261307726905846e-04,1.364258514289306157e-03,1.987735752264317701e-02,-1.118051897947577546e-04,1.078635402748468787e-03,2.250632986674121205e-02
1.590000000000000080e+00,0.000000000000000000e+00,-4.808545022117163129e-06,2.568560796222960291e-04,-3.124434039610227143e-03,0.000000000000000000e+00,-1.196897787473699600e-04,1.831132951541720490e-03,1.094066212177707831e-02,-1.148812337252528020e-04,1.574276871919424569e-03,1.406509616138730545e-02
1.600000000000000089e+00,0.000000000000000000e+00,-2.403672495655216646e-06,2.241184256700932335e-04,-3.423096750830328938e-03,0.000000000000000000e+00,-1.200534267220493354e-04,2.298007388794135256e-03,2.003966720910993482e-03,-1.176497542263941196e-04,2.073888963124042185e-03,5.427063471741322420e-03
1.610000000000000098e+00,0.000000000000000000e+00,-3.367915925638182614e-07,1.892577549481865061e-04,-3.549037393551016106e-03,0.000000000000000000e+00,-1.043208168444999625e-04,2.153058108586295566e-03,-1.295812227427996059e-03,-1.039840252519361478e-04,1.963800353638109168e-03,2.253225166123020047e-03
1.620000000000000107e+00,0.000000000000000000e+00,1.378855732307996826e-06,1.538717100261765571e-04,-3.528171590850975869e-03,0.000000000000000000e+00,-8.858820696695058955e-05,2.008108828378456310e-03,-4.595591175766985600e-03,-8.996706269925858722e-05,1.854237118352279699e-03,-1.067419584916009731e-03
1.630000000000000115e+00,0.000000000000000000e+00,2.744693037121246203e-06,1.192957509364733250e-04,-3.387020227089670987e-03,0.000000000000000000e+00,-7.285559708940120304e-05,1.863159548170616620e-03,-7.895370124105976009e-03,-7.560029012652245094e-05,1.743863797234143295e-03,-4.508349897016305022e-03
1.640000000000000124e+00,0.000000000000000000e+00,3.774183255719628326e-06,8.660229278320311324e-05,-3.151671403564371143e-03,0.000000000000000000e+00,-5.712298721185183009e-05,1.718210267962776931e-03,-1.119514907244496468e-02,-6.089717046757145842e-05,1.631607975179573790e-03,-8.043477668880593540e-03
1.650000000000000133e+00,0.000000000000000000e+00,4.490240899959261462e-06,5.660923606472351394e-05,-2.846939940131548719e-03,0.000000000000000000e+00,-4.139037733430244359e-05,1.573260987754937458e-03,-1.449492802078395509e-02,-4.588061823426170505e-05,1.516651751690213917e-03,-1.164798808065240637e-02
1.660000000000000142e+00,0.000000000000000000e+00,4.922766780845810567e-06,2.989594011258631044e-05,-2.495719250295892061e-03,0.000000000000000000e+00,-2.565776745675307064e-05,1.428311707547097985e-03,-1.779470696912294550e-02,-3.058053423759888375e-05,1.398415767434511630e-03,-1.529898771882705344e-02
1.669999999999999929e+00,0.000000000000000000e+00,5.106370336528094449e-06,6.824771023870465999e-06,-2.118514567447276828e-03,0.000000000000000000e+00,-9.925157579204036502e-06,1.283362427339261548e-03,-2.109448591746185958e-02,-1.503152791573213095e-05,1.276537656315391038e-03,-1.897597135001458102e-02
1.679999999999999938e+00,0.000000000000000000e+00,5.078326630957799000e-06,-1.243351213792955252e-05,-1.733142064912727119e-03,0.000000000000000000e+00,5.807452298345350001e-06,1.138413147131422075e-03,-2.439426486580084999e-02,7.291256673875510014e-07,1.150846659269351641e-03,-2.266112280088812200e-02
1.689999999999999947e+00,0.000000000000000000e+00,4.876798575466579695e-06,-2.787209896031430509e-05,-1.354575299564223477e-03,0.000000000000000000e+00,2.154006217589470940e-05,9.934638669235823852e-04,-2.769404381413984040e-02,1.666326360042812970e-05,1.021335965883896687e-03,-2.633946851457561605e-02
1.699999999999999956e+00,0.000000000000000000e+00,4.539340240998831587e-06,-3.961956793323531309e-05,-9.949184950199781510e-04,0.000000000000000000e+00,3.727267205344409590e-05,8.485145867157429123e-04,-3.099382276247882734e-02,3.273333181244526347e-05,8.881341546489782525e-04,-2.999890426745885005e-02
1.709999999999999964e+00,0.000000000000000000e+00,4.101684466226839049e-06,-4.791158702116320113e-05,-6.634853225656002149e-04,0.000000000000000000e+00,3.769301683498741052e-05,6.872185650034543609e-04,-2.802097864422895337e-02,3.359133236876056977e-05,7.351301520246175756e-04,-2.735749332166335229e-02
1.719999999999999973e+00,0.000000000000000000e+00,3.596807415938820321e-06,-5.306382303644054457e-05,-3.669618804898683653e-04,0.000000000000000000e+00,3.811336161653038632e-05,5.259225432911655927e-04,-2.504813452597893370e-02,3.451655420059156600e-05,5.789863663276061372e-04,-2.468117264548906620e-02
1.729999999999999982e+00,0.000000000000000000e+00,3.054254304664647237e-06,-5.544679921839407220e-05,-1.096333559008370526e-04,0.000000000000000000e+00,3.853370639807335535e-05,3.646265215788766618e-04,-2.207529040772891749e-02,3.547945209340870642e-05,4.200733207972707204e-04,-2.196565705182807957e-02
1.739999999999999991e+00,0.000000000000000000e+00,2.499704098092824871e-06,-5.546324209597039423e-05,1.063447803855725390e-04,0.000000000000000000e+00,3.895405117961633115e-05,2.033304998665878393e-04,-1.910244628947890128e-02,3.645434708152350882e-05,2.587937419625582335e-04,-1.920879106986447468e-02
1.750000000000000000e+00,0.000000000000000000e+00,1.954746506544160258e-06,-5.352827621376253509e-05,2.806483960559992899e-04,0.000000000000000000e+00,3.937439596115930018e-05,4.203447815429896262e-05,-1.612960217122888160e-02,3.741964945461514331e-05,9.556275436806149770e-05,-1.641025056728488002e-02
1.760000000000000009e+00,0.000000000000000000e+00,1.436841814159331989e-06,-5.005266226320312720e-05,4.144743940558822878e-04,0.000000000000000000e+00,3.979474074270227598e-05,-1.192615435579899141e-04,-1.315675805297886539e-02,3.835789892854294335e-05,-6.920888129478678687e-05,-1.357123244703474854e-02
1.770000000000000018e+00,0.000000000000000000e+00,9.594328383835564044e-07,-4.542913289195198129e-05,5.102314801943468384e-04,0.000000000000000000e+00,4.021508552424524500e-05,-2.805575652702787907e-04,-1.018391393472884571e-02,3.925565268586168606e-05,-2.351284323783268027e-04,-1.069414541492319168e-02
1.780000000000000027e+00,0.000000000000000000e+00,5.321783634030995211e-07,-4.002176210413939367e-05,5.712426773681706857e-04,0.000000000000000000e+00,4.063543030578822081e-05,-4.418535869825676674e-04,-7.211069816478829497e-03,4.010325194238511853e-05,-4.018318248784282670e-04,-7.782312493847000183e-03
1.790000000000000036e+00,0.000000000000000000e+00,1.612785086509702440e-07,-3.415820884628646345e-05,6.014679742024154133e-04,0.000000000000000000e+00,4.105577508733118983e-05,-6.031496086948565441e-04,-4.238225698228813287e-03,4.089449657868021959e-05,-5.689913998485700806e-04,-4.839693672431228701e-03
1.800000000000000044e+00,0.000000000000000000e+00,-1.501355475778579863e-07,-2.812460239947918344e-05,6.052533151590403990e-04,0.000000000000000000e+00,4.147611986887416564e-05,-7.644456304071454208e-04,-1.265381579978797078e-03,4.162625541645202415e-05,-7.363210280076662407e-04,-1.870634895137837476e-03
1.810000000000000053e+00,0.000000000000000000e+00,-4.015724856081718035e-07,-2.216278520658358000e-05,5.871101234200806415e-04,0.000000000000000000e+00,3.614090037803745003e-05,-7.182608941424505891e-04,-8.861053868914063776e-05,3.654247286364562279e-05,-6.960981089358669752e-04,-6.757206621092212793e-04
1.820000000000000062e+00,0.000000000000000000e+00,-5.947343911149312794e-07,-1.646959589476831433e-05,5.515277389429723565e-04,0.000000000000000000e+00,3.080568088720074120e-05,-6.720761578777557574e-04,1.088160502600515802e-03,3.140041527831567291e-05,-6.556065619829874735e-04,5.366327636575434455e-04
1.830000000000000071e+00,0.000000000000000000e+00,-7.330716671083099419e-07,-1.119785930390741649e-05,5.028195792292069685e-04,0.000000000000000000e+00,2.547046139636402560e-05,-6.258914216130608173e-04,2.264931543890172025e-03,2.620353306347233702e-05,-6.146935623091533737e-04,1.762111964660965056e-03
1.840000000000000080e+00,0.000000000000000000e+00,-8.213547080726977787e-07,-6.458748888970150018e-06,4.450025037582463865e-04,0.000000000000000000e+00,2.013524190552731338e-05,-5.797066853483659856e-04,3.441702585179828681e-03,2.095659661360001243e-05,-5.732479364593958500e-04,2.996700081421582295e-03
1.850000000000000089e+00,0.000000000000000000e+00,-8.652744396756680446e-07,-2.325197431623904022e-06,3.817077877110027721e-04,0.000000000000000000e+00,1.480002241469060117e-05,-5.335219490836711539e-04,4.618473626469485338e-03,1.566529685436627016e-05,-5.311967516520472998e-04,4.236765838758482783e-03
1.860000000000000098e+00,0.000000000000000000e+00,-8.710806872945296010e-07,1.163947907851592758e-06,3.161212801840965637e-04,0.000000000000000000e+00,9.464802923853885561e-06,-4.873372128189763222e-04,5.795244667759141127e-03,1.033588361114841580e-05,-4.885011607268279149e-04,5.479123387575044780e-03
1.870000000000000107e+00,0.000000000000000000e+00,-8.452644331431431948e-07,3.999302922425688468e-06,2.509497227307225849e-04,0.000000000000000000e+00,4.129583433017176733e-06,-4.411524765542814905e-04,6.972015709048798651e-03,4.974847866160319610e-06,-4.451517794767071595e-04,6.721065986318075849e-03
1.880000000000000115e+00,0.000000000000000000e+00,-7.942874154449387249e-07,6.196100617215205526e-06,1.884098162271807386e-04,0.000000000000000000e+00,-1.205636057819538872e-06,-3.949677402895866046e-04,8.148786750338454440e-03,-4.113486423746001469e-07,-4.011638409068018270e-04,7.960376934111274352e-03
1.890000000000000124e+00,0.000000000000000000e+00,-7.243602532615275903e-07,7.789331819467022226e-06,1.302364242231825609e-04,0.000000000000000000e+00,-6.540855548656254476e-06,-3.487830040248917729e-04,9.325557791628110230e-03,-5.816495295394727204e-06,-3.565723358443588205e-04,9.195321367404927018e-03
1.900000000000000133e+00,0.000000000000000000e+00,-6.412683678840820921e-07,8.829045256022075724e-06,7.770626308782808446e-05,0.000000000000000000e+00,-1.187607503949296330e-05,-3.025982677601968870e-04,1.050232883291776775e-02,-1.123480667160888089e-05,-3.114273130162189813e-04,1.042462256982993989e-02
1.910000000000000142e+00,0.000000000000000000e+00,-5.502434205895573784e-07,9.375944202882866176e-06,3.167352628432999230e-05,0.000000000000000000e+00,-1.211949816324032270e-05,-2.469470766831045471e-04,9.514886887876055840e-03,-1.156925474265076511e-05,-2.563230208859874166e-04,9.483213361591726065e-03
1.919999999999999929e+00,0.000000000000000000e+00,-4.558767880312003776e-07,9.497382308788533141e-06,-7.385905103196544960e-06,0.000000000000000000e+00,-1.236292128698767701e-05,-1.912958856060134811e-04,8.527444942834366479e-03,-1.190704449895647717e-05,-2.007932679148020244e-04,8.534830847937562373e-03
1.929999999999999938e+00,0.000000000000000000e+00,-3.620707307467408185e-07,9.263829148103377403e-06,-3.932472703383469749e-05,0.000000000000000000e+00,-1.260634441073503641e-05,-1.356446945289211683e-04,7.540002997792654565e-03,-1.224427367998829575e-05,-1.449085236770245575e-04,7.579327724826489046e-03
1.939999999999999947e+00,0.000000000000000000e+00,-2.720223491949231601e-07,8.745847162260155961e-06,-6.427167013480969936e-05,0.000000000000000000e+00,-1.284976753448239580e-05,-7.999350345182882835e-05,6.552561052750941785e-03,-1.257774518528747259e-05,-8.873935061408898262e-05,6.616832722885751701e-03
1.949999999999999956e+00,0.000000000000000000e+00,-1.882351315575303636e-07,8.011596365218403133e-06,-8.257848927354098818e-05,0.000000000000000000e+00,-1.309319065822975520e-05,-2.434231237473648843e-05,5.565119107709229872e-03,-1.290495552667222476e-05,-3.235390873995488818e-05,5.647697596982770643e-03
1.959999999999999964e+00,0.000000000000000000e+00,-1.125528408782607002e-07,7.124861770635529016e-06,-9.476842964303388954e-05,0.000000000000000000e+00,-1.333661378197711629e-05,3.130887870235579728e-05,4.577677162667517959e-03,-1.322406094109885619e-05,2.418401693172026826e-05,4.672445592310552065e-03
1.969999999999999973e+00,0.000000000000000000e+00,-4.621062692484606825e-08,6.143581020047397535e-06,-1.014877204745924608e-04,0.000000000000000000e+00,-1.358003690572447569e-05,8.696006977944813719e-05,3.590235217625806045e-03,-1.353382627879962933e-05,8.081648875940074305e-05,3.691722938100398289e-03
1.979999999999999982e+00,0.000000000000000000e+00,1.010145854728581396e-08,5.118836074378978855e-06,-1.034612686590912888e-04,0.000000000000000000e+00,-1.382346002947183508e-05,1.426112608565404771e-04,2.602793272584095000e-03,-1.383356148801912097e-05,1.374924247821615033e-04,2.706254541243186505e-03
1.989999999999999991e+00,0.000000000000000000e+00,5.616695329743217590e-08,4.094262875650293481e-06,-1.014533710866458334e-04,0.000000000000000000e+00,-1.406688315321919448e-05,1.982624519336328170e-04,1.615351327542383086e-03,-1.412305010651662614e-05,1.941681890579825278e-04,1.716804698629028920e-03
2.000000000000000000e+00,0.000000000000000000e+00,9.216739916759286577e-08,3.105826298381844441e-06,-9.623394436704402199e-05,0.000000000000000000e+00,-1.431030627696655387e-05,2.539136430107251027e-04,6.279093825006711732e-04,-1.440247367613414755e-05,2.508078167123432346e-04,7.241433268677151952e-04
